County,1980,1981,1982,1983,1984,1985,1986,1987,1988,1989,1990,1991,1992,1993,1994,1995,1996,1997,1998,1999,2000,2001,2002,2003,2004,2005,2006,2007,2008,2009,2010,2011,2012,2013,2014,2015,2016,2017
Appling,30.57956778,30.6129666,30.64833006,30.68369352,30.71905697,30.75442043,30.78978389,30.82514735,30.86051081,30.89587426,30.93123772,31.25933202,31.58939096,31.91748527,32.2475442,32.57563851,32.90569745,33.23379175,33.56385069,33.89194499,34.22200393,34.40078585,34.58153242,34.76227898,34.9410609,35.12180747,35.30255403,35.48133595,35.66208251,35.84282908,36.02357564,36.2848723,36.15324165,36.13948919,36.3497053,36.2475442,36.31630648,36.3870334
Atkinson,18.16863905,18.18934911,18.21005917,18.23076923,18.25147929,18.27514793,18.29585799,18.31656805,18.33727811,18.35798817,18.3816568,18.79289941,19.20710059,19.6183432,20.03254438,20.44674556,20.85798817,21.27218935,21.68343195,22.09763314,22.51183432,22.73372781,22.95857988,23.18047337,23.40532544,23.63017751,23.85207101,24.07692308,24.29881657,24.52366864,24.74852071,24.77218935,24.47633136,24.51183432,24.38757396,24.77810651,24.61538462,24.68047337
Bacon,32.90877193,32.97192982,33.03859649,33.10526316,33.16842105,33.23508772,33.30175439,33.36491228,33.43157895,33.49824561,33.56491228,33.75087719,33.94035088,34.12982456,34.31578947,34.50526316,34.69473684,34.88070175,35.07017544,35.25964912,35.44912281,35.78596491,36.12280702,36.45964912,36.79649123,37.13333333,37.47017544,37.80701754,38.14385965,38.48070175,38.82105263,39.16491228,39.21754386,39.31578947,39.36140351,39.60350877,39.87719298,39.71578947
Baker,11.10204082,11.04373178,10.98833819,10.93294461,10.87463557,10.81924198,10.7638484,10.70553936,10.65014577,10.59475219,10.5393586,10.67055394,10.80466472,10.93877551,11.0728863,11.20699708,11.34110787,11.47521866,11.60932945,11.74344023,11.87755102,11.6909621,11.50437318,11.31778426,11.13119534,10.94460641,10.75801749,10.57142857,10.38483965,10.19825073,10.01457726,9.667638484,9.84548105,9.7696793,9.606413994,9.332361516,9.352769679,9.329446064
Baldwin,134.4418605,136.3178295,138.1937984,140.0736434,141.9496124,143.8294574,145.7054264,147.5813953,149.4612403,151.3372093,153.2170543,155.2209302,157.2248062,159.2286822,161.2325581,163.2364341,165.2403101,167.244186,169.248062,171.251938,173.255814,173.6395349,174.0232558,174.4069767,174.7906977,175.1744186,175.5581395,175.9418605,176.3255814,176.7093023,177.0968992,174.9883721,180.2286822,178.9379845,177.7248062,176.4263566,175.1550388,174.0542636
Banks,37.18803419,37.87179487,38.55982906,39.24358974,39.93162393,40.61965812,41.3034188,41.99145299,42.67521368,43.36324786,44.05128205,45.80769231,47.56410256,49.32478632,51.08119658,52.84188034,54.5982906,56.35470085,58.11538462,59.87179487,61.63247863,63.33760684,65.04700855,66.75641026,68.46581197,70.17521368,71.88461538,73.59401709,75.3034188,77.01282051,78.72222222,78.06410256,77.57692308,77.96581197,77.98290598,78.55555556,78.24358974,79.63247863
Barrow,131.8148148,136.9753086,142.1419753,147.308642,152.4691358,157.6358025,162.8024691,167.962963,173.1296296,178.2962963,183.462963,193.5987654,203.7345679,213.8703704,224.0123457,234.1481481,244.2839506,254.4259259,264.5617284,274.6975309,284.8395062,299.3765432,313.9135802,328.4506173,342.9876543,357.5308642,372.0679012,386.6049383,401.1419753,415.6790123,430.2222222,431.4444444,433.3703704,440.2407407,450.3641975,463.3765432,475.8703704,488.0308642
Bartow,88.60869565,91.90217391,95.19565217,98.48913043,101.7826087,105.076087,108.3695652,111.6630435,114.9565217,118.25,121.5456522,125.9152174,130.2869565,134.6586957,139.0304348,143.4021739,147.7717391,152.1434783,156.5152174,160.8869565,165.2586957,170.4913043,175.726087,180.9586957,186.1934783,191.4282609,196.6608696,201.8956522,207.1282609,212.3630435,217.5978261,217.8543478,218.1847826,219.6869565,220.4282609,222.1217391,224.85,228.3782609
Ben,63.49206349,63.58730159,63.68650794,63.78174603,63.88095238,63.97619048,64.07539683,64.17063492,64.26984127,64.36507937,64.46428571,64.95238095,65.44444444,65.93650794,66.42857143,66.92063492,67.41269841,67.9047619,68.3968254,68.88888889,69.38095238,69.43253968,69.48809524,69.53968254,69.5952381,69.65079365,69.70238095,69.75793651,69.80952381,69.86507937,69.92063492,69.69444444,69.75,69.15079365,69.13888889,68.74206349,68.21428571,67.44444444
Berrien,29.92256637,30.05973451,30.19911504,30.33849558,30.47787611,30.61725664,30.75442478,30.89380531,31.03318584,31.17256637,31.3119469,31.77212389,32.23230088,32.69247788,33.15265487,33.61504425,34.07522124,34.53539823,34.99557522,35.45575221,35.91814159,36.60840708,37.29867257,37.98893805,38.67920354,39.36946903,40.05973451,40.75,41.44026549,42.13053097,42.82300885,42.87831858,42.40265487,42.17035398,41.63938053,42.00884956,42.06637168,42.44690265
Bibb,601.024,600.908,600.792,600.676,600.56,600.444,600.328,600.212,600.096,599.98,599.868,601.436,603.004,604.572,606.14,607.708,609.276,610.844,612.412,613.98,615.548,616.32,617.092,617.864,618.64,619.412,620.184,620.96,621.732,622.504,623.28,624.864,626.66,620.284,617.688,616.228,612.82,611.448
Bleckley,49.61751152,49.46082949,49.30414747,49.14746544,48.99539171,48.83870968,48.68202765,48.52995392,48.37327189,48.21658986,48.06451613,48.63133641,49.20276498,49.76958525,50.34101382,50.9124424,51.47926267,52.05069124,52.61751152,53.18894009,53.76036866,54.38709677,55.01843318,55.64976959,56.2764977,56.9078341,57.53917051,58.16589862,58.79723502,59.42857143,60.05990783,60.2764977,59.39170507,58.70967742,58.58064516,58.60368664,59.43778802,59.12442396
Brantley,19.59684685,20.13063063,20.66666667,21.20045045,21.73648649,22.27252252,22.80630631,23.34234234,23.87612613,24.41216216,24.9481982,25.74774775,26.5472973,27.34684685,28.1463964,28.9481982,29.74774775,30.5472973,31.34684685,32.1463964,32.9481982,33.81081081,34.67342342,35.53603604,36.39864865,37.26351351,38.12612613,38.98873874,39.85135135,40.71396396,41.57882883,41.75675676,41.68693694,41.07432432,41.29954955,41.42567568,41.34009009,42.18693694
Brooks,30.8805668,30.90890688,30.93724696,30.96558704,30.99595142,31.0242915,31.05263158,31.08299595,31.11133603,31.13967611,31.17004049,31.38259109,31.5951417,31.80769231,32.02024291,32.23481781,32.44736842,32.65991903,32.87246964,33.08502024,33.29959514,33.25910931,33.22064777,33.18016194,33.1417004,33.10121457,33.06275304,33.02226721,32.98380567,32.94331984,32.9048583,32.37651822,31.6417004,31.71052632,31.44534413,31.71659919,31.76720648,31.55263158
Bryan,23.02036199,24.21040724,25.40045249,26.59049774,27.78280543,28.97285068,30.16289593,31.35520362,32.54524887,33.73529412,34.92760181,36.73076923,38.5361991,40.34162896,42.14705882,43.95248869,45.75791855,47.56334842,49.36877828,51.17420814,52.97963801,54.5520362,56.12669683,57.70135747,59.2760181,60.85067873,62.42533937,64,65.57466063,67.14932127,68.7239819,70.74886878,72.98190045,74.74660633,76.19457014,78.72850679,81.09049774,83.84615385
Bulloch,52.39385066,53.46852123,54.5431918,55.61786237,56.69253294,57.76720351,58.84187408,59.91654466,60.99121523,62.0658858,63.14055637,65.02196193,66.90483163,68.78770132,70.67057101,72.5534407,74.43484627,76.31771596,78.20058565,80.08345534,81.96632504,84.10102489,86.23718887,88.37335286,90.50951684,92.64568082,94.78038067,96.91654466,99.05270864,101.1888726,103.3250366,106.4231332,107.1259151,105.2313324,106.4919473,107.2225476,109.4011713,111.4919473
Burke,23.28399519,23.43200963,23.58002407,23.72803851,23.87605295,24.02406739,24.17208183,24.32009627,24.46811071,24.61612515,24.76413959,24.96389892,25.16365824,25.36462094,25.56438026,25.76534296,25.96510229,26.16486161,26.36582431,26.56558363,26.76654633,26.89651023,27.02647413,27.1576414,27.28760529,27.41877256,27.54873646,27.67870036,27.80986763,27.93983153,28.0709988,28.28158845,27.73164862,27.46931408,27.22984356,27.24669073,27.20577617,27.1022864
Butts,73.07486631,73.96256684,74.85026738,75.73796791,76.62566845,77.51336898,78.40106952,79.28877005,80.17647059,81.06417112,81.95721925,84.19786096,86.44385027,88.68449198,90.93048128,93.17647059,95.4171123,97.6631016,99.90374332,102.1497326,104.3957219,106.6524064,108.9144385,111.171123,113.4331551,115.6898396,117.9518717,120.2085561,122.4705882,124.7272727,126.9893048,126.0695187,125.197861,124.0802139,124.6898396,125.6096257,126.7914439,128.657754
Calhoun,20.41785714,20.16428571,19.91428571,19.66071429,19.41071429,19.16071429,18.90714286,18.65714286,18.40357143,18.15357143,17.90357143,18.36785714,18.83571429,19.30357143,19.76785714,20.23571429,20.70357143,21.16785714,21.63571429,22.10357143,22.57142857,22.70357143,22.83571429,22.97142857,23.10357143,23.23928571,23.37142857,23.50357143,23.63928571,23.77142857,23.90714286,23.66071429,23.45,23.56785714,23.27142857,23.4,22.83214286,23.05357143
Camden,21.22380952,23.88888889,26.55555556,29.22063492,31.88730159,34.55396825,37.21904762,39.88571429,42.55079365,45.21746032,47.88412698,50.02539683,52.16825397,54.31111111,56.45238095,58.5952381,60.73809524,62.87936508,65.02222222,67.16507937,69.30793651,70.41746032,71.52857143,72.63809524,73.74920635,74.86031746,75.96984127,77.08095238,78.19047619,79.3015873,80.41269841,79.85396825,81.51111111,81.60793651,82.42222222,83.27301587,83.2,84.1968254
Candler,30.43724696,30.52631579,30.6194332,30.70850202,30.80161943,30.89473684,30.98380567,31.07692308,31.1659919,31.25910931,31.35222672,32.09311741,32.8340081,33.57489879,34.31983806,35.06072874,35.80161943,36.5465587,37.28744939,38.02834008,38.77327935,39.3562753,39.94331984,40.52631579,41.11336032,41.69635628,42.28340081,42.86639676,43.4534413,44.03643725,44.62348178,45.37651822,44.97975709,44.41295547,44.06882591,44.1417004,44.1902834,43.71255061
Carroll,112.9178357,115.9378758,118.9599198,121.9799599,125.002004,128.0240481,131.0440882,134.0661323,137.0861723,140.1082164,143.1302605,146.3046092,149.4809619,152.6553106,155.8316633,159.008016,162.1823647,165.3587174,168.5330661,171.7094188,174.8857715,179.5731463,184.2625251,188.9519038,193.6412826,198.3306613,203.0200401,207.7094188,212.3987976,217.0881764,221.7775551,221.9599198,223.3507014,225.0501002,227.6472946,229.4408818,233.0480962,236.0961924
Catoosa,228.3395062,231.7160494,235.0925926,238.4691358,241.8518519,245.2283951,248.6049383,251.9876543,255.3641975,258.7407407,262.1234568,268.7962963,275.4753086,282.154321,288.8333333,295.5123457,302.1851852,308.8641975,315.5432099,322.2222222,328.9012346,335.5617284,342.2283951,348.8888889,355.5555556,362.2160494,368.882716,375.5432099,382.2098765,388.8703704,395.537037,399.7530864,400.4444444,402.617284,404.2469136,406.3024691,409.0555556,410.8024691
Charlton,9.402048656,9.549295775,9.696542894,9.843790013,9.992317542,10.13956466,10.28681178,10.43533931,10.58258643,10.72983355,10.87836108,11.10627401,11.33546735,11.56338028,11.79257362,12.02176697,12.2496799,12.47887324,12.70678617,12.93597951,13.16517286,13.49423816,13.82330346,14.15236876,14.48143406,14.81049936,15.13956466,15.46862996,15.79769526,16.12676056,16.45710627,17.2368758,17.10883483,16.80153649,16.69398207,16.88860435,16.32650448,16.28040973
Chatham,459.6045455,462.9454545,466.2886364,469.6318182,472.975,476.3181818,479.6613636,483.0045455,486.3477273,489.6909091,493.0340909,496.4681818,499.9022727,503.3363636,506.7727273,510.2068182,513.6409091,517.0772727,520.5113636,523.9454545,527.3818182,535.0613636,542.7431818,550.425,558.1068182,565.7886364,573.4681818,581.15,588.8318182,596.5136364,604.1954545,617.8863636,628.4159091,631.7340909,642.8590909,651.8613636,657.7045455,660.2295455
Chattahoochee,87.27710843,85.34939759,83.42168675,81.4939759,79.56626506,77.64257028,75.71485944,73.78714859,71.85943775,69.93172691,68.00803213,67.18072289,66.35742972,65.53413655,64.71084337,63.8875502,63.06024096,62.23694779,61.41365462,60.59036145,59.76706827,58.2811245,56.79919679,55.31325301,53.8313253,52.34939759,50.86345382,49.3815261,47.89558233,46.41365462,44.93172691,45.23293173,49.30120482,49.18072289,47.04417671,44.47791165,40.562249,41.53815261
Chattooga,69.60509554,69.72611465,69.85031847,69.97133758,70.0955414,70.21974522,70.34076433,70.46496815,70.58598726,70.71019108,70.8343949,71.85987261,72.88853503,73.91719745,74.94585987,75.97452229,77,78.02866242,79.05732484,80.08598726,81.11464968,81.26751592,81.42038217,81.57324841,81.72611465,81.87898089,82.03184713,82.18471338,82.33757962,82.49044586,82.6433121,81.77388535,81.58917197,79.75796178,79.16878981,79.2866242,79.08598726,78.88535032
Cherokee,121.9316038,131.0117925,140.0943396,149.1745283,158.2570755,167.3372642,176.4198113,185.5,194.5825472,203.6627358,212.745283,224.9363208,237.129717,249.3231132,261.5165094,273.7099057,285.9033019,298.0966981,310.2900943,322.4834906,334.6768868,351.9599057,369.245283,386.5283019,403.8136792,421.0990566,438.3820755,455.6674528,472.9504717,490.2358491,507.5212264,513.7264151,520.6910377,529.4504717,543.3867925,555.245283,569.8113208,583.8985849
Clarke,615.6859504,626.5041322,637.3305785,648.1487603,658.9752066,669.8016529,680.6198347,691.446281,702.2644628,713.0909091,723.9173554,735.3966942,746.8842975,758.3636364,769.8512397,781.3305785,792.8181818,804.2975207,815.785124,827.2644628,838.7520661,851.9669421,865.1818182,878.3966942,891.6115702,904.8347107,918.0495868,931.2644628,944.4793388,957.6942149,970.9173554,978.785124,992.8512397,1000.77686,997.6942149,1023.760331,1033.206612,1050.115702
Clay,18.22051282,18.12307692,18.02564103,17.92820513,17.83076923,17.73333333,17.63589744,17.53846154,17.44102564,17.34358974,17.25128205,17.24615385,17.24102564,17.23589744,17.23589744,17.23076923,17.22564103,17.22564103,17.22051282,17.21538462,17.21538462,17.11794872,17.02564103,16.93333333,16.83589744,16.74358974,16.65128205,16.55384615,16.46153846,16.36923077,16.27692308,16.2,15.91282051,15.44615385,15.74358974,15.75384615,15.41538462,15.18974359
Clayton,1051.447552,1073.608392,1095.776224,1117.937063,1140.104895,1162.265734,1184.433566,1206.594406,1228.762238,1250.923077,1273.090909,1311.174825,1349.265734,1387.34965,1425.440559,1463.524476,1501.615385,1539.699301,1577.79021,1615.874126,1653.965035,1670.286713,1686.608392,1702.93007,1719.251748,1735.573427,1751.895105,1768.216783,1784.538462,1800.86014,1817.181818,1834.685315,1858.58042,1849.727273,1869.965035,1913.811189,1958.083916,1994.076923
Clinch,8.232385661,8.170580964,8.108776267,8.04697157,7.985166873,7.923362176,7.861557478,7.799752781,7.737948084,7.676143387,7.61433869,7.70210136,7.791100124,7.880098888,7.969097651,8.058096415,8.145859085,8.234857849,8.323856613,8.412855377,8.501854141,8.488257108,8.474660074,8.461063041,8.448702101,8.435105068,8.421508035,8.409147095,8.395550062,8.381953028,8.369592089,8.322620519,8.292954265,8.374536465,8.405438813,8.467243511,8.39184178,8.315203956
Cobb,875.6411765,919.7647059,963.8911765,1008.017647,1052.141176,1096.267647,1140.394118,1184.517647,1228.644118,1272.770588,1316.897059,1363.955882,1411.017647,1458.076471,1505.138235,1552.2,1599.258824,1646.320588,1693.379412,1740.441176,1787.502941,1811.573529,1835.644118,1859.717647,1883.788235,1907.861765,1931.932353,1956.002941,1980.076471,2004.147059,2028.220588,2051.273529,2081.026471,2109.414706,2146.776471,2182.420588,2207.285294,2222.805882
Coffee,44.89816361,45.34724541,45.79799666,46.24874791,46.69949917,47.15025042,47.59933222,48.05008347,48.50083472,48.95158598,49.40233723,50.70784641,52.01335559,53.31886477,54.62437396,55.92988314,57.23539232,58.5409015,59.84641068,61.15191987,62.4590985,63.34724541,64.23706177,65.12520868,66.01502504,66.90317195,67.79298831,68.68113523,69.57095159,70.4590985,71.34891486,71.83973289,72.08347245,72.01502504,71.74791319,71.95158598,71.81135225,71.8096828
Colquitt,64.08695652,64.31521739,64.54528986,64.77536232,65.00543478,65.23550725,65.46557971,65.69565217,65.92572464,66.1557971,66.38586957,67.36413043,68.3442029,69.32427536,70.30434783,71.28442029,72.26268116,73.24275362,74.22282609,75.20289855,76.18297101,76.83333333,77.48550725,78.13586957,78.78804348,79.44021739,80.09057971,80.74275362,81.39311594,82.04528986,82.69746377,83.06521739,83.5634058,83.78985507,83.38586957,82.72644928,82.73731884,83.03442029
Columbia,138.337931,147.2724138,156.2068966,165.1413793,174.0793103,183.0137931,191.9482759,200.8862069,209.8206897,218.7551724,227.6931034,235.7103448,243.7310345,251.7517241,259.7689655,267.7896552,275.8103448,283.8275862,291.8482759,299.8689655,307.8896552,320.2034483,332.5206897,344.8344828,357.1517241,369.4689655,381.7827586,394.1,406.4137931,418.7310345,431.0482759,444.5310345,457.5172414,469.9758621,480.2931034,496.5758621,508.4517241,522.6862069
Cook,58.90829694,58.89082969,58.87772926,58.86026201,58.84716157,58.83406114,58.81659389,58.80349345,58.7860262,58.77292576,58.75982533,59.76855895,60.78165939,61.79039301,62.80349345,63.81222707,64.82532751,65.83406114,66.84716157,67.8558952,68.86899563,69.48471616,70.10480349,70.72489083,71.34497817,71.9650655,72.58078603,73.20087336,73.8209607,74.44104803,75.06113537,74.43231441,73.88209607,74.5371179,75.62882096,74.65938865,75.05240175,75.44541485
Coweta,88.64108352,91.93227991,95.22573363,98.51693002,101.8103837,105.1015801,108.3950339,111.6862302,114.979684,118.2708804,121.5643341,129.5462754,137.5282167,145.510158,153.4920993,161.476298,169.4582393,177.4401806,185.4221219,193.4040632,201.3882619,210.1241535,218.8600451,227.5959368,236.3318284,245.0677201,253.8036117,262.5395034,271.275395,280.0112867,288.7471783,292.0835214,294.9074492,300.2167043,305.3408578,312.0248307,317.0925508,323.0564334
Crawford,23.64307692,24.04307692,24.44615385,24.84923077,25.24923077,25.65230769,26.05538462,26.45538462,26.85846154,27.26153846,27.66461538,28.74153846,29.81846154,30.89846154,31.97538462,33.05538462,34.13230769,35.20923077,36.28923077,37.36615385,38.44615385,38.48307692,38.52,38.55692308,38.59384615,38.63076923,38.66769231,38.70461538,38.74153846,38.77846154,38.81846154,38.81538462,38.80615385,38.49538462,38.26153846,38.13230769,37.81846154,37.83076923
Crisp,71.12773723,71.31751825,71.50729927,71.69708029,71.88686131,72.08029197,72.27007299,72.45985401,72.64963504,72.83941606,73.03284672,73.75547445,74.48175182,75.20437956,75.93065693,76.65328467,77.37956204,78.10218978,78.82846715,79.55109489,80.27737226,80.80291971,81.32846715,81.8540146,82.37956204,82.90875912,83.43430657,83.95985401,84.48540146,85.01094891,85.54014599,86.7189781,86.12408759,85.09489051,84.2189781,83.80291971,83.70437956,82.97810219
Dade,70.79310345,71.26436782,71.74137931,72.2183908,72.6954023,73.17241379,73.64942529,74.12643678,74.60344828,75.08045977,75.55747126,76.70689655,77.86206897,79.01724138,80.16666667,81.32183908,82.47701149,83.62643678,84.7816092,85.93678161,87.09195402,87.93103448,88.77586207,89.61494253,90.45977011,91.3045977,92.14367816,92.98850575,93.82758621,94.67241379,95.51724138,95.33908046,94.87356322,94.51149425,93.57471264,92.85632184,93.34482759,93.59195402
Dawson,22.62559242,24.82938389,27.03791469,29.24170616,31.45023697,33.65402844,35.86255924,38.06635071,40.27488152,42.47867299,44.68720379,47.80094787,50.91469194,54.02843602,57.14218009,60.25592417,63.36966825,66.48341232,69.5971564,72.71090047,75.82464455,78.80094787,81.78199052,84.76303318,87.74407583,90.72511848,93.70616114,96.68720379,99.66824645,102.6492891,105.6303318,105.6540284,106.478673,107.5165877,108.9478673,110.507109,111.9099526,115.5402844
DeKalb,1802.328358,1825.764925,1849.201493,1872.63806,1896.078358,1919.514925,1942.951493,1966.391791,1989.828358,2013.264925,2036.705224,2081.488806,2126.276119,2171.063433,2215.850746,2260.63806,2305.421642,2350.208955,2394.996269,2439.783582,2484.570896,2494.533582,2504.5,2514.466418,2524.429104,2534.395522,2544.36194,2554.324627,2564.291045,2574.257463,2584.223881,2610.761194,2651.507463,2676.570896,2707.63806,2751.559701,2786.156716,2810.645522
Decatur,42.70519263,42.70686767,42.71021776,42.7118928,42.71524288,42.71859296,42.72026801,42.72361809,42.72529313,42.72864322,42.7319933,43.18760469,43.64489112,44.10217755,44.55946399,45.01675042,45.47403685,45.93132328,46.38860972,46.84589615,47.30318258,47.23115578,47.15912898,47.08710218,47.01675042,46.94472362,46.87269682,46.80234506,46.73031826,46.65829146,46.5879397,46.32663317,45.98994975,45.9078727,45.55108878,45.36515913,44.74874372,44.75041876
Dodge,33.84231537,33.97205589,34.10179641,34.23153693,34.36127745,34.49301397,34.62275449,34.75249501,34.88223553,35.01197605,35.14371257,35.45508982,35.76646707,36.07984032,36.39121756,36.70459082,37.01596806,37.32734531,37.64071856,37.95209581,38.26546906,38.78243513,39.2994012,39.81636727,40.33333333,40.8502994,41.36726547,41.88423154,42.4011976,42.91816367,43.43512974,43.13572854,42.94411178,42.7744511,42.26946108,42.19760479,41.59081836,41.37724551
Dooly,27.54707379,27.31043257,27.07633588,26.83969466,26.60559796,26.36895674,26.13486005,25.89821883,25.66412214,25.42748092,25.19338422,25.60559796,26.0178117,26.43256997,26.84478372,27.25954198,27.67175573,28.08396947,28.49872774,28.91094148,29.32569975,30.16793893,31.01272265,31.85496183,32.69974555,33.54198473,34.38676845,35.22900763,36.07379135,36.91603053,37.76081425,37.15012723,36.65903308,36.55470738,36.24681934,35.70992366,35.3307888,34.95419847
Dougherty,305.2060606,303.869697,302.5333333,301.1969697,299.8636364,298.5272727,297.1909091,295.8575758,294.5212121,293.1848485,291.8515152,291.7757576,291.7,291.6272727,291.5515152,291.4787879,291.4030303,291.3272727,291.2545455,291.1787879,291.1060606,290.6363636,290.1666667,289.6969697,289.2272727,288.7606061,288.2909091,287.8212121,287.3515152,286.8818182,286.4151515,288.0666667,286.9393939,282.9939394,281.0727273,277.4818182,273.9242424,271.2181818
Douglas,274.2361809,282.5477387,290.8643216,299.1809045,307.4924623,315.8090452,324.1256281,332.4371859,340.7537688,349.0703518,357.3869347,367.9648241,378.5427136,389.1256281,399.7035176,410.2864322,420.8643216,431.4422111,442.0251256,452.6030151,463.1859296,483.5075377,503.8291457,524.1507538,544.4723618,564.7939698,585.1155779,605.4371859,625.758794,646.080402,666.4020101,669.4623116,671.8743719,684.241206,694.6180905,705.8592965,713.6733668,723.0251256
Early,25.74951076,25.49315068,25.23874755,24.98238748,24.72798434,24.47358121,24.21722114,23.962818,23.70645793,23.45205479,23.19765166,23.29549902,23.39334638,23.49119374,23.5890411,23.68688845,23.78473581,23.88258317,23.98043053,24.07827789,24.17612524,23.90606654,23.63796477,23.36790607,23.09980431,22.83170254,22.56164384,22.29354207,22.02348337,21.7553816,21.48727984,21.1037182,20.81409002,20.6183953,20.43835616,20.4481409,20.15264188,20.14872798
Echols,5.685643564,5.693069307,5.702970297,5.712871287,5.72029703,5.73019802,5.74009901,5.747524752,5.757425743,5.767326733,5.777227723,6.128712871,6.48019802,6.831683168,7.183168317,7.534653465,7.886138614,8.237623762,8.589108911,8.940594059,9.292079208,9.358910891,9.425742574,9.492574257,9.559405941,9.626237624,9.693069307,9.75990099,9.826732673,9.893564356,9.962871287,10.11633663,9.878712871,9.948019802,10.04950495,10.0470297,9.853960396,9.742574257
Effingham,38.18125,39.71458333,41.24791667,42.78125,44.31458333,45.84791667,47.38125,48.91458333,50.44791667,51.98125,53.51458333,55.98125,58.45,60.91875,63.3875,65.85625,68.32291667,70.79166667,73.26041667,75.72916667,78.19791667,81.30833333,84.41875,87.52916667,90.63958333,93.75,96.86041667,99.97083333,103.08125,106.1916667,109.3020833,109.7875,111.1416667,113.4104167,115.4458333,118.8479167,121.9854167,124.9625
Elbert,50.83468835,50.88617886,50.93766938,50.98915989,51.04065041,51.09214092,51.14363144,51.19512195,51.24661247,51.29810298,51.35230352,51.77506775,52.19783198,52.62059621,53.04336043,53.46883469,53.89159892,54.31436314,54.73712737,55.1598916,55.58536585,55.47425474,55.36314363,55.25203252,55.14363144,55.03252033,54.92140921,54.81300813,54.70189702,54.59078591,54.48238482,53.72086721,53.05691057,52.81842818,52.55826558,52.3197832,51.87804878,51.78590786
Emanuel,30.31341108,30.27696793,30.24052478,30.20408163,30.16763848,30.13119534,30.09475219,30.05830904,30.02186589,29.98542274,29.95043732,30.13848397,30.32653061,30.51457726,30.70262391,30.89067055,31.0787172,31.26676385,31.4548105,31.64285714,31.83236152,31.94314869,32.05539359,32.16763848,32.27842566,32.39067055,32.50291545,32.61370262,32.72594752,32.83819242,32.95043732,32.78571429,33.14577259,32.99271137,32.77113703,32.74635569,32.65889213,32.8425656
Evans,45.55675676,45.71351351,45.87567568,46.03243243,46.19459459,46.35675676,46.51351351,46.67567568,46.83243243,46.99459459,47.15675676,48.11351351,49.07027027,50.02702703,50.98378378,51.94054054,52.8972973,53.85405405,54.81081081,55.76756757,56.72972973,57.01081081,57.2972973,57.58378378,57.87027027,58.15675676,58.43783784,58.72432432,59.01081081,59.2972973,59.58378378,59.38378378,57.76756757,58.41081081,58.52432432,57.87567568,57.66486486,58.24324324
Fannin,38.20725389,38.52849741,38.84974093,39.17357513,39.49481865,39.81865285,40.13989637,40.4611399,40.78497409,41.10621762,41.43005181,42.41450777,43.4015544,44.38601036,45.37305699,46.36010363,47.34455959,48.33160622,49.31606218,50.30310881,51.29015544,52.29274611,53.29792746,54.30051813,55.30569948,56.31088083,57.3134715,58.31865285,59.32124352,60.32642487,61.33160622,61.2357513,61.16062176,61.71761658,61.77720207,63.25906736,64.74352332,65.60103627
Fayette,147.4263959,164.3654822,181.3045685,198.2436548,215.1827411,232.1269036,249.0659898,266.0050761,282.9441624,299.8832487,316.8274112,331.4670051,346.1116751,360.7563452,375.4010152,390.0456853,404.6852792,419.3299492,433.9746193,448.6192893,463.2639594,471.2182741,479.177665,487.1370558,495.0913706,503.0507614,511.0101523,518.964467,526.9238579,534.8832487,542.8426396,544.2233503,545.177665,548.8781726,554.9238579,559.8274112,564.7106599,571.3147208
Floyd,155.5555556,155.8382066,156.1208577,156.4035088,156.6861598,156.9688109,157.251462,157.5341131,157.8167641,158.0994152,158.3840156,160.1988304,162.0136452,163.8304094,165.6452242,167.4619883,169.2768031,171.0916179,172.9083821,174.7231969,176.539961,177.6822612,178.8245614,179.9668616,181.1111111,182.2534113,183.3957115,184.539961,185.6822612,186.8245614,187.9688109,187.5653021,187.1345029,186.9805068,187.0545809,187.6081871,188.3430799,190.2787524
Forsyth,123.7079646,130.840708,137.9778761,145.1106195,152.2477876,159.380531,166.5176991,173.6504425,180.7876106,187.920354,195.0575221,219.0929204,243.1283186,267.1681416,291.2035398,315.2433628,339.2787611,363.3141593,387.3539823,411.3893805,435.4292035,470.1017699,504.7743363,539.4469027,574.119469,608.7920354,643.4646018,678.1371681,712.8097345,747.4823009,782.1548673,805.460177,827.9911504,859.0132743,897.9867257,935.3274336,973.7477876,1008.70354
Franklin,57.73764259,58.29277567,58.85171103,59.40684411,59.96577947,60.52091255,61.07984791,61.63498099,62.19391635,62.74904943,63.30798479,64.68821293,66.07224335,67.45247148,68.8365019,70.21673004,71.60076046,72.98098859,74.36501901,75.74524715,77.12927757,77.80608365,78.48669202,79.16730038,79.84410646,80.52471483,81.20532319,81.88212928,82.56273764,83.24334601,83.92395437,83.53992395,83.34980989,83.82889734,84.35741445,84.7148289,84.81368821,86.76806084
Fulton,1115.130435,1126.291115,1137.453686,1148.616257,1159.776938,1170.939509,1182.102079,1193.26276,1204.425331,1215.587902,1226.750473,1258.328922,1289.909263,1321.487713,1353.068053,1384.646503,1416.226843,1447.805293,1479.385633,1510.964083,1542.544423,1563.298677,1584.05293,1604.807183,1625.561437,1646.31569,1667.069943,1687.824197,1708.57845,1729.332703,1750.088847,1793.589792,1842.94518,1858.090737,1880.26087,1907.071834,1936.196597,1968.663516
Gilmer,26.01873536,26.54566745,27.07494145,27.60421546,28.13348946,28.66276347,29.18969555,29.71896956,30.24824356,30.77751756,31.30679157,33.66744731,36.03044496,38.39344262,40.75644028,43.11943794,45.48009368,47.84309133,50.20608899,52.56908665,54.93208431,56.07025761,57.21077283,58.35128806,59.49180328,60.6323185,61.77283372,62.91334895,64.05386417,65.19437939,66.33489461,66.34192037,66.25995316,67.25761124,68.00234192,69.33723653,70.33489461,71.83606557
Glascock,16.54166667,16.52083333,16.50694444,16.48611111,16.47222222,16.45138889,16.4375,16.41666667,16.40277778,16.38194444,16.36805556,16.5,16.63888889,16.77777778,16.91666667,17.05555556,17.19444444,17.33333333,17.47222222,17.61111111,17.75,18.10416667,18.46527778,18.82638889,19.1875,19.54861111,19.90972222,20.27083333,20.63194444,20.99305556,21.35416667,21.52083333,21.55555556,21.22222222,20.875,20.97222222,20.77777778,21.26388889
Glynn,130.2867299,132.0663507,133.8483412,135.6279621,137.4099526,139.1895735,140.971564,142.7511848,144.5331754,146.3127962,148.0947867,149.2962085,150.4976303,151.6990521,152.9004739,154.1042654,155.3056872,156.507109,157.7085308,158.9099526,160.1137441,163,165.8886256,168.7772512,171.6658768,174.5545024,177.443128,180.3317536,183.2203791,186.1090047,188.9976303,190.0047393,191.8720379,193.3554502,195.1018957,198.0900474,200.3033175,202.0900474
Gordon,84.70422535,86.11267606,87.52112676,88.92957746,90.33802817,91.74929577,93.15774648,94.56619718,95.97464789,97.38309859,98.7943662,101.3380282,103.8816901,106.4253521,108.9690141,111.515493,114.0591549,116.6028169,119.1464789,121.6901408,124.2366197,127.3661972,130.4985915,133.628169,136.7605634,139.8901408,143.0225352,146.1521127,149.284507,152.4140845,155.5464789,156.3295775,156.8704225,157.1239437,157.4028169,158.8366197,160.5267606,160.8140845
Grady,43.32969432,43.42358079,43.51746725,43.61353712,43.70742358,43.80349345,43.89737991,43.99126638,44.08733624,44.18122271,44.27729258,45.01528384,45.75327511,46.49126638,47.22925764,47.96724891,48.70524017,49.44323144,50.18122271,50.91921397,51.65720524,51.95414847,52.25327511,52.55240175,52.85152838,53.15065502,53.44759825,53.74672489,54.04585153,54.34497817,54.6441048,54.84934498,55.24235808,54.89737991,55.16812227,54.84061135,54.35152838,54.18995633
Greene,29.35824742,29.46134021,29.56443299,29.66752577,29.77061856,29.87628866,29.97938144,30.08247423,30.18556701,30.28865979,30.3943299,31.06701031,31.73969072,32.41237113,33.08762887,33.76030928,34.43298969,35.10824742,35.78092784,36.45360825,37.12886598,37.53350515,37.94072165,38.34793814,38.75257732,39.15979381,39.56701031,39.97164948,40.37886598,40.78608247,41.19329897,41.44329897,41.6314433,41.96391753,42.45360825,43.01030928,43.65721649,44.53865979
Gwinnett,385.4572748,428.4133949,471.3718245,514.330254,557.2863741,600.2448037,643.2032333,686.1593533,729.1177829,772.0762125,815.034642,869.4295612,923.8267898,978.2240185,1032.621247,1087.018476,1141.413395,1195.810624,1250.207852,1304.605081,1359.002309,1409.764434,1460.528868,1511.290993,1562.055427,1612.819861,1663.581986,1714.34642,1765.108545,1815.872979,1866.637413,1903.385681,1937.976905,1976.438799,2019.56582,2060.362587,2094.921478,2125.311778
Habersham,90,90.9352518,91.8705036,92.8057554,93.74100719,94.67625899,95.61151079,96.54676259,97.48201439,98.41726619,99.35611511,102.3345324,105.3129496,108.2913669,111.2697842,114.2482014,117.2266187,120.205036,123.1834532,126.1618705,129.1438849,131.7194245,134.2985612,136.8741007,139.4532374,142.0323741,144.6079137,147.1870504,149.7625899,152.3417266,154.9208633,154.9136691,156.1834532,155.4172662,156.9064748,157.6223022,158.9100719,160.3129496
Hall,192.0025381,197.0203046,202.0406091,207.0609137,212.0812183,217.1015228,222.1218274,227.142132,232.1624365,237.1827411,242.2030457,253.3299492,264.4593909,275.5888325,286.7182741,297.8477157,308.9771574,320.106599,331.2360406,342.3654822,353.4949239,363.8451777,374.1954315,384.5456853,394.8959391,405.248731,415.5989848,425.9492386,436.2994924,446.6497462,457.0025381,463.1142132,468.0228426,474.0228426,480.9137056,488.5939086,498.0634518,505.9263959
Hancock,20.01268499,19.89429175,19.77589852,19.65750529,19.53911205,19.42283298,19.30443975,19.18604651,19.06765328,18.94926004,18.83298097,19.0782241,19.3255814,19.57293869,19.82029598,20.06765328,20.31289641,20.5602537,20.80761099,21.05496829,21.30232558,21.16490486,21.02959831,20.89429175,20.7589852,20.62367865,20.48625793,20.35095137,20.21564482,20.08033827,19.94503171,19.86469345,19.1987315,18.93657505,18.12896406,18.15433404,18.30232558,18.09936575
Haralson,65.32624113,66.58156028,67.83687943,69.09574468,70.35106383,71.60992908,72.86524823,74.12056738,75.37943262,76.63475177,77.89361702,79.21276596,80.53191489,81.85460993,83.17375887,84.4964539,85.81560284,87.13475177,88.45744681,89.77659574,91.09929078,92.18439716,93.27304965,94.36170213,95.45035461,96.53900709,97.62765957,98.71631206,99.80496454,100.893617,101.9822695,100.9432624,100.3971631,100.4787234,101.0035461,101.7765957,102.2446809,103.7446809
Harris,33.32758621,33.82758621,34.32758621,34.82974138,35.32974138,35.83189655,36.33189655,36.83189655,37.33405172,37.83405172,38.3362069,39.60775862,40.88146552,42.15517241,43.42672414,44.70043103,45.97413793,47.24568966,48.51939655,49.79310345,51.06681034,52.89008621,54.71336207,56.53663793,58.35991379,60.18318966,62.00646552,63.82974138,65.65301724,67.4762931,69.29956897,69.64008621,70.21551724,70.13793103,70.57758621,71.4762931,72.45043103,73.09267241
Hart,80.10775862,80.59051724,81.07758621,81.56465517,82.04741379,82.53448276,83.02155172,83.50431034,83.99137931,84.47844828,84.96551724,86.37931034,87.79741379,89.2112069,90.62931034,92.04310345,93.4612069,94.875,96.29310345,97.70689655,99.125,100.0905172,101.0603448,102.0258621,102.9956897,103.9655172,104.9310345,105.9008621,106.8663793,107.8362069,108.8060345,109.6163793,110.0474138,109.8405172,109.4612069,109.7112069,110.1206897,111.1810345
Heard,22.02702703,22.73648649,23.44932432,24.16216216,24.875,25.58783784,26.2972973,27.01013514,27.72297297,28.43581081,29.14864865,29.9527027,30.75675676,31.56418919,32.36824324,33.17567568,33.97972973,34.78378378,35.59121622,36.39527027,37.2027027,37.47972973,37.76013514,38.03716216,38.31756757,38.59459459,38.875,39.15202703,39.43243243,39.70945946,39.98986486,39.61148649,39.35472973,39.05743243,39.25675676,39.02702703,39.10135135,39.62837838
Henry,112.4117647,119.3560372,126.3003096,133.244582,140.1888545,147.1362229,154.0804954,161.0247678,167.9690402,174.9133127,181.8606811,200.622291,219.3839009,238.1455108,256.9071207,275.6687307,294.4303406,313.1919505,331.9535604,350.7151703,369.4767802,396.0340557,422.5944272,449.1517028,475.7120743,502.2724458,528.8297214,555.3900929,581.9473684,608.5077399,635.0681115,641.1145511,644.6563467,650.9349845,660.3157895,671.2910217,685.3095975,699.1114551
Houston,205.8488064,208.9257294,212.0026525,215.0795756,218.1591512,221.2360743,224.3129973,227.3925729,230.469496,233.5464191,236.6259947,242.3421751,248.061008,253.7798408,259.4960212,265.2148541,270.933687,276.6498674,282.3687003,288.0875332,293.806366,301.7612732,309.7161804,317.6710875,325.6259947,333.5809019,341.535809,349.4907162,357.4456233,365.4005305,373.3580902,381.8859416,387.4297082,391.9124668,395.0291777,397.0424403,402.8169761,407.1061008
Irwin,25.17647059,25.08123249,24.9859944,24.8907563,24.79551821,24.70028011,24.60504202,24.50980392,24.41456583,24.31932773,24.22689076,24.58543417,24.94397759,25.30252101,25.66106443,26.02240896,26.38095238,26.7394958,27.09803922,27.45658263,27.81792717,27.72268908,27.6302521,27.53501401,27.44257703,27.35014006,27.25490196,27.16246499,27.06722689,26.97478992,26.88235294,27.16246499,26.93837535,26.23529412,25.48459384,25.65546218,26.21568627,26.35854342
Jackson,74.10233918,75.46491228,76.82748538,78.19005848,79.55263158,80.91812865,82.28070175,83.64327485,85.00584795,86.36842105,87.73391813,91.11988304,94.50584795,97.89473684,101.2807018,104.6695906,108.0555556,111.4415205,114.8304094,118.2163743,121.6052632,127.1929825,132.7807018,138.3684211,143.9561404,149.5438596,155.1315789,160.7192982,166.3070175,171.8947368,177.4824561,178.2923977,177.9444444,179.1959064,181.5730994,185.3070175,189.994152,197.4239766
Jasper,20.41351351,20.65675676,20.9,21.14324324,21.38648649,21.62972973,21.87297297,22.11621622,22.35945946,22.6027027,22.84594595,23.64864865,24.45135135,25.25405405,26.05945946,26.86216216,27.66486486,28.47027027,29.27297297,30.07567568,30.88108108,31.54864865,32.21621622,32.88378378,33.55135135,34.21891892,34.88648649,35.55405405,36.22162162,36.88918919,37.55675676,37.4,36.88648649,36.77297297,36.63243243,37.07297297,37.35405405,37.74054054
Jeff,34.45345345,34.61861862,34.78678679,34.95495495,35.12312312,35.29129129,35.45945946,35.62762763,35.7957958,35.96396396,36.13213213,36.32732733,36.52252252,36.71771772,36.91291291,37.11111111,37.30630631,37.5015015,37.6966967,37.89189189,38.09009009,38.81681682,39.54354354,40.27027027,41,41.72672673,42.45345345,43.18318318,43.90990991,44.63663664,45.36636637,45.51951952,45.63963964,45.1951952,44.85585586,45.09009009,44.95495495,45.12012012
Jefferson,34.85416667,34.66477273,34.47727273,34.28787879,34.10037879,33.91098485,33.72348485,33.53409091,33.34659091,33.15719697,32.96969697,32.94128788,32.91477273,32.88825758,32.86174242,32.83522727,32.80681818,32.78030303,32.75378788,32.72727273,32.70075758,32.62689394,32.55492424,32.48295455,32.41098485,32.33901515,32.26515152,32.19318182,32.12121212,32.04924242,31.97727273,31.77840909,30.9905303,30.79356061,30.56818182,30.17992424,29.90151515,29.63636364
Jenkins,25.26,25.08857143,24.92,24.74857143,24.58,24.41142857,24.24,24.07142857,23.9,23.73142857,23.56285714,23.65428571,23.74857143,23.84285714,23.93714286,24.03142857,24.12285714,24.21714286,24.31142857,24.40571429,24.5,24.42571429,24.35428571,24.28285714,24.21142857,24.14,24.06571429,23.99428571,23.92285714,23.85142857,23.78,23.22,26.04571429,26.28571429,25.83142857,25.34,25.05714286,25.04857143
Johnson,28.48684211,28.375,28.26644737,28.15789474,28.04934211,27.94078947,27.83223684,27.72368421,27.61513158,27.50657895,27.39802632,27.47368421,27.54934211,27.625,27.70065789,27.77631579,27.85197368,27.92763158,28.00328947,28.07894737,28.15789474,28.62828947,29.10197368,29.57236842,30.04605263,30.51973684,30.99013158,31.46381579,31.93421053,32.40789474,32.88157895,32.92434211,32.94736842,32.63157895,32.33552632,32.01973684,32.00657895,32.19736842
Jones,42.0786802,43.13451777,44.19035533,45.24619289,46.30203046,47.35786802,48.41370558,49.46954315,50.52538071,51.58121827,52.63705584,53.37309645,54.10913706,54.84517766,55.58121827,56.31725888,57.05329949,57.7893401,58.52538071,59.26142132,59.99746193,61.26649746,62.53807107,63.80964467,65.08121827,66.35279188,67.62182741,68.89340102,70.16497462,71.43654822,72.70812183,72.92893401,72.64720812,72.52538071,72.72588832,72.20050761,72.46954315,72.25888325
Lamar,66.02702703,66.47027027,66.91351351,67.35675676,67.80540541,68.24864865,68.69189189,69.14054054,69.58378378,70.02702703,70.47567568,72.02702703,73.57837838,75.13513514,76.68648649,78.24324324,79.79459459,81.34594595,82.9027027,84.45405405,86.01081081,87.28108108,88.55135135,89.82162162,91.09189189,92.36756757,93.63783784,94.90810811,96.17837838,97.44864865,98.72432432,98.15675676,97.44324324,96.85405405,98.2972973,98.57297297,99.83783784,100.5351351
Lanier,30.23529412,30.1657754,30.10160428,30.03743316,29.96791444,29.90374332,29.83957219,29.77005348,29.70588235,29.64171123,29.57754011,30.49197861,31.40641711,32.32085561,33.23529412,34.14973262,35.06417112,35.97860963,36.89304813,37.80748663,38.72192513,40.2459893,41.77540107,43.29946524,44.82887701,46.35828877,47.88235294,49.41176471,50.93582888,52.46524064,53.99465241,56.02673797,55.95187166,55.67914439,55.45989305,54.95721925,55.90374332,55.7486631
Laurens,45.49815498,45.86592866,46.23493235,46.60393604,46.97293973,47.34194342,47.7097171,48.07872079,48.44772448,48.81672817,49.18573186,49.78597786,50.38745387,50.98769988,51.58917589,52.19065191,52.79089791,53.39237392,53.99261993,54.59409594,55.19557196,55.62730627,56.05904059,56.49200492,56.92373924,57.35670357,57.78843788,58.2201722,58.65313653,59.08487085,59.51783518,58.84870849,58.74415744,58.63591636,58.58671587,58.34071341,58.04674047,58.21648216
Lee,32.82022472,34.1011236,35.38483146,36.66573034,37.9494382,39.23314607,40.51404494,41.79775281,43.07865169,44.36235955,45.64606742,48.03370787,50.4241573,52.81460674,55.20224719,57.59269663,59.98314607,62.37078652,64.76123596,67.15168539,69.54213483,70.56741573,71.59550562,72.62359551,73.65168539,74.67977528,75.70786517,76.73595506,77.76404494,78.79213483,79.82022472,80.28370787,80.64606742,81.59269663,81.84831461,82.01404494,82.10674157,82.78089888
Liberty,72.41425819,75.33526012,78.25626204,81.17726397,84.0982659,87.02119461,89.94219653,92.86319846,95.78420039,98.70520231,101.628131,103.3352601,105.044316,106.7514451,108.460501,110.1676301,111.8766859,113.583815,115.2928709,117,118.7090559,118.911368,119.1136802,119.3159923,119.5183044,119.7206166,119.9229287,120.1252408,120.327553,120.5298651,120.7321773,125.4123314,123.955684,120.0038536,123.344894,118.5433526,118.2851638,118.2774566
Lincoln,31.82938389,32.17061611,32.51658768,32.85781991,33.20379147,33.54976303,33.89099526,34.23696682,34.57819905,34.92417062,35.27014218,35.69668246,36.12796209,36.55450237,36.98578199,37.41706161,37.8436019,38.27488152,38.7014218,39.13270142,39.56398104,39.38388626,39.20379147,39.02369668,38.8436019,38.66824645,38.48815166,38.30805687,38.12796209,37.9478673,37.77251185,37.30331754,36.78672986,36.64454976,36.21327014,36.59241706,37.27014218,37.34597156
Long,11.28179551,11.69825436,12.11720698,12.5361596,12.95511222,13.37406484,13.79052369,14.20947631,14.62842893,15.04738155,15.46633416,16.48877805,17.51122195,18.53366584,19.55610973,20.58104738,21.60349127,22.62593516,23.64837905,24.67082294,25.6957606,26.78553616,27.87531172,28.96508728,30.05486284,31.1446384,32.23441397,33.32418953,34.41396509,35.50374065,36.59351621,37.92518703,40.21446384,41.44139651,42.88279302,44.54114713,46.36907731,47.41645885
Lowndes,134.8650794,136.452381,138.0416667,139.6309524,141.2202381,142.8095238,144.3988095,145.9880952,147.577381,149.1666667,150.7559524,153.9563492,157.156746,160.359127,163.5595238,166.7619048,169.9623016,173.1626984,176.3650794,179.5654762,182.7678571,186.2539683,189.7400794,193.2261905,196.7123016,200.1984127,203.6845238,207.1706349,210.656746,214.1428571,217.6289683,221.2301587,226.4087302,224.0218254,225.3571429,225.047619,226.797619,229.1448413
Lumpkin,37.8943662,39.23591549,40.57746479,41.91901408,43.26056338,44.60211268,45.94366197,47.28521127,48.62676056,49.96830986,51.31338028,53.58098592,55.84859155,58.11619718,60.38732394,62.65492958,64.92253521,67.19366197,69.46126761,71.72887324,74,77.27464789,80.54929577,83.82394366,87.10211268,90.37676056,93.65140845,96.92957746,100.2042254,103.4788732,106.7570423,107.4119718,108.2112676,108.8626761,109.75,110.3873239,111.0140845,115.75
McDuffie,46.01985112,46.40942928,46.79900744,47.18858561,47.58064516,47.97022333,48.35980149,48.75186104,49.14143921,49.53101737,49.92307692,50.19851117,50.47394541,50.74937965,51.0248139,51.30272953,51.57816377,51.85359801,52.12903226,52.4044665,52.68238213,52.82382134,52.96526055,53.10918114,53.25062035,53.39454094,53.53598015,53.67741935,53.82133995,53.96277916,54.10669975,53.63027295,53.67245658,53.35483871,53.40942928,53.25558313,53.24069479,53.34491315
McIntosh,28.33098592,28.53521127,28.74295775,28.95070423,29.1584507,29.36619718,29.57042254,29.77816901,29.98591549,30.19366197,30.40140845,31.17957746,31.95774648,32.73591549,33.51760563,34.29577465,35.07394366,35.8556338,36.63380282,37.41197183,38.19366197,39.41197183,40.63380282,41.85211268,43.07394366,44.29225352,45.51408451,46.73239437,47.95422535,49.17253521,50.3943662,50.08098592,48.88028169,49.39084507,49.52464789,49.41197183,49.54929577,49.66901408
Macon,38.15531335,37.91280654,37.67029973,37.42779292,37.1852861,36.94277929,36.70027248,36.45776567,36.21525886,35.97275204,35.73297003,35.99455041,36.25613079,36.51771117,36.77929155,37.04087193,37.30245232,37.5640327,37.82561308,38.08719346,38.34877384,38.5013624,38.65667575,38.8119891,38.96457766,39.11989101,39.27520436,39.42779292,39.58310627,39.73841962,39.89373297,39.40599455,38.98092643,38.10081744,37.70844687,37.38147139,36.83923706,36.27792916
Madison,68.25769231,69.52692308,70.79615385,72.06538462,73.33846154,74.60769231,75.87692308,77.15,78.41923077,79.68846154,80.96153846,82.76153846,84.56153846,86.36153846,88.16153846,89.96153846,91.76153846,93.56153846,95.36153846,97.16153846,98.96153846,99.89615385,100.8307692,101.7653846,102.7038462,103.6384615,104.5730769,105.5115385,106.4461538,107.3807692,108.3192308,108.1730769,107.7923077,108.2884615,108.9615385,109.1692308,110.8730769,112.7
Marion,12.20506912,12.2718894,12.33870968,12.40552995,12.47465438,12.54147465,12.60829493,12.67741935,12.74423963,12.81105991,12.88018433,13.23732719,13.59447005,13.95391705,14.31105991,14.67050691,15.02764977,15.38479263,15.74423963,16.10138249,16.46082949,16.82949309,17.19815668,17.56682028,17.93548387,18.30414747,18.67281106,19.04147465,19.41013825,19.77880184,20.14976959,20.07373272,20.01612903,19.80875576,19.94239631,19.76036866,19.61059908,19.47004608
Meriwether,42.20477137,42.43936382,42.67395626,42.90854871,43.14314115,43.37972167,43.61431412,43.84890656,44.08349901,44.31809145,44.55467197,44.57852883,44.60238569,44.62624254,44.65208748,44.67594433,44.69980119,44.72564612,44.74950298,44.77335984,44.79920477,44.65805169,44.51888668,44.3777336,44.23856859,44.09940358,43.9582505,43.81908549,43.67793241,43.5387674,43.39960239,42.95626243,42.43936382,42.20874751,42.1888668,42.11928429,41.89264414,41.84691849
Miller,24.86925795,24.60070671,24.33215548,24.06360424,23.795053,23.53003534,23.2614841,22.99293286,22.72438163,22.45583039,22.19081272,22.22614841,22.2614841,22.29681979,22.33568905,22.37102473,22.40636042,22.44522968,22.48056537,22.51590106,22.55477032,22.4664311,22.37809187,22.28975265,22.20141343,22.11660777,22.02826855,21.93992933,21.85159011,21.76325088,21.67844523,21.46996466,21.23321555,20.86219081,21.02120141,20.66431095,20.78091873,20.62897527
Mitchell,41.23828125,41.07421875,40.91015625,40.74609375,40.58203125,40.41796875,40.25390625,40.08984375,39.92578125,39.76171875,39.59960938,40.3125,41.02734375,41.7421875,42.45507813,43.16992188,43.88476563,44.59765625,45.3125,46.02734375,46.7421875,46.65625,46.57226563,46.48828125,46.40234375,46.31835938,46.234375,46.1484375,46.06445313,45.98046875,45.89648438,45.70507813,45.08984375,44.921875,44.390625,43.82226563,43.77148438,43.5390625
Monroe,36.89393939,37.52525253,38.15656566,38.78787879,39.42171717,40.0530303,40.68434343,41.31818182,41.94949495,42.58080808,43.21464646,44.38636364,45.55808081,46.73232323,47.9040404,49.07828283,50.25,51.42171717,52.5959596,53.76767677,54.94191919,56.05555556,57.17171717,58.28535354,59.40151515,60.51515152,61.63131313,62.74494949,63.86111111,64.97474747,66.09090909,66.52020202,66.60353535,67.22222222,67.32323232,67.43686869,67.87626263,68.46717172
Montgomery,28.61632653,28.67755102,28.73877551,28.8,28.86122449,28.92653061,28.9877551,29.04897959,29.11020408,29.17142857,29.23673469,29.68571429,30.13877551,30.59183673,31.04081633,31.49387755,31.94693878,32.39591837,32.84897959,33.30204082,33.75510204,34.11020408,34.46530612,34.8244898,35.17959184,35.53877551,35.89387755,36.24897959,36.60816327,36.96326531,37.32244898,36.87346939,36.28979592,36.57142857,36.47346939,36.33061224,36.66530612,36.86122449
Morgan,33.06285714,33.43714286,33.81142857,34.18571429,34.56,34.93428571,35.30857143,35.68285714,36.05714286,36.43142857,36.80857143,37.54285714,38.27714286,39.01428571,39.74857143,40.48571429,41.22,41.95428571,42.69142857,43.42571429,44.16285714,44.86,45.55714286,46.25428571,46.95142857,47.64857143,48.34571429,49.04285714,49.74,50.43714286,51.13714286,51.15142857,50.87428571,50.52285714,51.13428571,51.28857143,51.77428571,52.60571429
Murray,57.22383721,59.10174419,60.97965116,62.85755814,64.73546512,66.61627907,68.49418605,70.37209302,72.25,74.12790698,76.00872093,79.01744186,82.02906977,85.04069767,88.05232558,91.06395349,94.0755814,97.0872093,100.0988372,103.1104651,106.122093,107.002907,107.8866279,108.7703488,109.6511628,110.5348837,111.4186047,112.2994186,113.1831395,114.0668605,114.9505814,114.5639535,114.4476744,114.1017442,114.2965116,114.8081395,114.4651163,115.6453488
Muscogee,787.537037,791.7824074,796.0277778,800.2731481,804.5185185,808.7638889,813.0092593,817.2546296,821.5,825.7453704,829.9907407,833.2361111,836.4814815,839.7268519,842.9768519,846.2222222,849.4675926,852.7175926,855.962963,859.2083333,862.4583333,864.6851852,866.9166667,869.1481481,871.3796296,873.6111111,875.8425926,878.0740741,880.3055556,882.537037,884.7685185,904.3148148,921.5324074,941.0833333,929.2314815,920.75,908.8287037,898.4166667
Newton,124.9601449,127.6086957,130.2608696,132.9130435,135.5652174,138.2173913,140.8695652,143.5217391,146.173913,148.826087,151.4782609,158.7934783,166.1086957,173.423913,180.7427536,188.057971,195.3731884,202.692029,210.0072464,217.3224638,224.6413043,238.4637681,252.2898551,266.1123188,279.9384058,293.7644928,307.5869565,321.4130435,335.2355072,349.0615942,362.8876812,364.0434783,365.942029,369.884058,375.0289855,380.2826087,386.1594203,391.5869565
Oconee,66.81182796,69.60215054,72.39247312,75.1827957,77.97311828,80.76344086,83.55376344,86.34408602,89.1344086,91.92473118,94.72043011,99.34408602,103.9731183,108.6021505,113.2258065,117.8548387,122.483871,127.1075269,131.7365591,136.3655914,140.9946237,144.5860215,148.1827957,151.7741935,155.3709677,158.9623656,162.5591398,166.1505376,169.7473118,173.3387097,176.9354839,178.7526882,180.1236559,183.1397849,188.5,192.688172,198.2043011,204.4516129
Oglethorpe,20.24716553,20.43537415,20.62358277,20.81405896,21.00226757,21.19274376,21.38095238,21.569161,21.75963719,21.9478458,22.138322,22.78911565,23.4399093,24.09070295,24.7414966,25.39455782,26.04535147,26.69614512,27.34693878,27.99773243,28.65079365,29.16099773,29.67346939,30.18594104,30.69614512,31.20861678,31.72108844,32.23129252,32.74376417,33.25623583,33.76870748,33.33786848,32.89115646,32.69387755,32.96598639,33.39002268,33.35600907,33.73469388
Paulding,83.15286624,88.08917197,93.02547771,97.96178344,102.8980892,107.8343949,112.7707006,117.7070064,122.6433121,127.5796178,132.5191083,145.2770701,158.0382166,170.7993631,183.5573248,196.3184713,209.0796178,221.8375796,234.5987261,247.3598726,260.1210191,279.5923567,299.066879,318.5382166,338.0127389,357.4872611,376.9585987,396.433121,415.9044586,435.3789809,454.8535032,457.3057325,461.0063694,467.4808917,473.3025478,483.3471338,494.8216561,507.7866242
Peach,126.8278146,128.1721854,129.5231788,130.8741722,132.2251656,133.5761589,134.9205298,136.2715232,137.6225166,138.9735099,140.3245033,141.9602649,143.602649,145.2450331,146.8874172,148.5298013,150.1721854,151.8145695,153.4569536,155.0993377,156.7417219,159.4370861,162.1390728,164.8410596,167.5430464,170.2450331,172.9470199,175.6490066,178.3509934,181.0529801,183.7549669,183.3708609,183.3112583,179.3178808,179.4503311,178.5562914,178.1390728,179.4635762
Pickens,50.22413793,51.42241379,52.62068966,53.81896552,55.01724138,56.21551724,57.4137931,58.61206897,59.81034483,61.00862069,62.20689655,65.89224138,69.57758621,73.26293103,76.94827586,80.63362069,84.31896552,88.00431034,91.68965517,95.375,99.06465517,101.8491379,104.637931,107.4267241,110.2155172,113.0043103,115.7931034,118.5818966,121.3706897,124.1594828,126.9482759,126.7758621,126.2155172,126.762931,128.6206897,130.0905172,132.3060345,136.1551724
Pierce,34.6851312,35.10204082,35.51895044,35.93586006,36.35276968,36.7696793,37.18658892,37.60349854,38.02040816,38.43731778,38.85714286,39.52769679,40.20116618,40.87463557,41.54810496,42.22157434,42.89212828,43.56559767,44.23906706,44.91253644,45.58600583,46.51020408,47.43731778,48.36443149,49.29154519,50.21865889,51.14577259,52.0728863,53,53.9271137,54.85422741,54.74927114,55.14577259,55.47813411,55.47230321,55.75218659,56.02915452,56.28862974
Pike,40.99541284,41.58256881,42.17431193,42.76605505,43.35321101,43.94495413,44.53669725,45.12385321,45.71559633,46.30733945,46.89908257,48.48623853,50.0733945,51.66513761,53.25229358,54.8440367,56.43119266,58.01834862,59.61009174,61.19724771,62.78899083,64.7293578,66.66972477,68.61009174,70.55045872,72.49082569,74.43119266,76.37155963,78.31192661,80.25229358,82.19266055,81.55963303,81.49541284,81.51834862,81.47247706,82.21100917,82.21559633,83.56422018
Polk,104.1350482,104.5916399,105.0514469,105.511254,105.9710611,106.4308682,106.8906752,107.3504823,107.8102894,108.2700965,108.7299035,110.1157556,111.5016077,112.8874598,114.2733119,115.6623794,117.0482315,118.4340836,119.8199357,121.2057878,122.5948553,123.6881029,124.7813505,125.8778135,126.9710611,128.0675241,129.1607717,130.2540193,131.3504823,132.4437299,133.5401929,132.8135048,132.2540193,132.0675241,131.7073955,133.0289389,134.1800643,135.3215434
Pulaski,36.23481781,35.89068826,35.55060729,35.21052632,34.87044534,34.53036437,34.18623482,33.84615385,33.50607287,33.1659919,32.82591093,33.42510121,34.0242915,34.62348178,35.22267206,35.82186235,36.42105263,37.02024291,37.6194332,38.21862348,38.81781377,39.78137652,40.74493927,41.70850202,42.67206478,43.63562753,44.59919028,45.56275304,46.52631579,47.48987854,48.45748988,47.94331984,47.37651822,46.82591093,46.59919028,46.1417004,45.77732794,45.34817814
Putnam,29.92732558,31.04360465,32.15988372,33.27616279,34.39244186,35.51162791,36.62790698,37.74418605,38.86046512,39.97674419,41.09593023,42.45348837,43.81395349,45.17151163,46.53197674,47.88953488,49.25,50.60755814,51.96802326,53.3255814,54.68604651,55.37790698,56.07267442,56.76453488,57.45930233,58.15116279,58.84593023,59.5377907,60.23255814,60.9244186,61.61918605,61.84883721,61.55813953,61.99127907,61.59883721,62.08139535,62.63953488,63.16860465
Quitman,15.50657895,15.40789474,15.30921053,15.21052632,15.11184211,15.01973684,14.92105263,14.82236842,14.72368421,14.625,14.53289474,14.78289474,15.03947368,15.29605263,15.55263158,15.80921053,16.06578947,16.32236842,16.57894737,16.83552632,17.09210526,17.03289474,16.98026316,16.92763158,16.86842105,16.81578947,16.76315789,16.70394737,16.65131579,16.59868421,16.54605263,16.16447368,15.85526316,15.59868421,15.06578947,15.00657895,15.34868421,15.51315789
Rabun,28.21024259,28.52830189,28.84636119,29.16442049,29.48247978,29.8032345,30.1212938,30.4393531,30.7574124,31.0754717,31.39622642,32.31266846,33.22911051,34.14555256,35.06199461,35.98113208,36.89757412,37.81401617,38.73045822,39.64690027,40.56603774,40.89757412,41.22911051,41.5606469,41.89218329,42.22641509,42.55795148,42.88948787,43.22102426,43.55256065,43.88679245,43.85444744,43.99460916,43.67385445,43.62533693,43.80592992,44.54986523,44.74932615
Randolph,22.37529138,22.00699301,21.63869464,21.27272727,20.9044289,20.53846154,20.17016317,19.8018648,19.43589744,19.06759907,18.7016317,18.64568765,18.59207459,18.53846154,18.48484848,18.43123543,18.37529138,18.32167832,18.26806527,18.21445221,18.16083916,18.13053613,18.1025641,18.07226107,18.04428904,18.01398601,17.98601399,17.95571096,17.92773893,17.8974359,17.86946387,17.63170163,17.02564103,16.77855478,17.04428904,16.83216783,16.84149184,16.49184149
Richmond,560.5833333,563.0802469,565.5771605,568.0740741,570.5709877,573.0679012,575.5648148,578.0617284,580.558642,583.0555556,585.5524691,588.654321,591.7592593,594.8611111,597.9660494,601.0709877,604.1728395,607.2777778,610.3796296,613.4845679,616.5895062,616.9290123,617.2716049,617.6111111,617.9537037,618.2932099,618.6358025,618.9753086,619.3179012,619.6574074,620,618.4506173,622.1882716,620.808642,621.2716049,622.212963,623.4814815,622.8395062
Rockdale,280.5114504,293.7480916,306.9847328,320.2290076,333.4656489,346.7099237,359.9465649,373.1832061,386.4274809,399.6641221,412.9083969,425.1374046,437.3664122,449.5954198,461.8244275,474.0534351,486.2824427,498.5114504,510.740458,522.9694656,535.1984733,546.8473282,558.4961832,570.1450382,581.7938931,593.4503817,605.0992366,616.7480916,628.3969466,640.0458015,651.7022901,652.6946565,653.0992366,661.2061069,667.2977099,677,682.2519084,689.4045802
Schley,20.43452381,20.52380952,20.61904762,20.70833333,20.80357143,20.89285714,20.98809524,21.07738095,21.17261905,21.26190476,21.35714286,21.45833333,21.56547619,21.67261905,21.7797619,21.88690476,21.98809524,22.0952381,22.20238095,22.30952381,22.41666667,23.16071429,23.9047619,24.64880952,25.39285714,26.13690476,26.88095238,27.625,28.36904762,29.11309524,29.86309524,30.01190476,29.89285714,30.31547619,30.875,30.89285714,30.70238095,31.0297619
Screven,21.6712963,21.63888889,21.60802469,21.57716049,21.5462963,21.5154321,21.4845679,21.4537037,21.42283951,21.39197531,21.36111111,21.59722222,21.83333333,22.06944444,22.30555556,22.54320988,22.77932099,23.0154321,23.25154321,23.48765432,23.72530864,23.58950617,23.45524691,23.31944444,23.18518519,23.05092593,22.91512346,22.7808642,22.64506173,22.51080247,22.37654321,22.22839506,21.86728395,21.82561728,21.60493827,21.69290123,21.65432099,21.53240741
Seminole,38.05462185,38.03361345,38.01260504,37.99159664,37.97478992,37.95378151,37.93277311,37.91596639,37.89495798,37.87394958,37.85714286,38.00420168,38.15546218,38.30672269,38.45798319,38.6092437,38.7605042,38.91176471,39.06302521,39.21428571,39.36554622,39.09243697,38.82352941,38.55462185,38.28571429,38.01680672,37.74369748,37.47478992,37.20588235,36.93697479,36.66806723,36.82773109,37.26470588,37.16386555,36.13865546,35.97478992,35.48319328,34.84033613
Spalding,241.9141414,245.2222222,248.5353535,251.8484848,255.1616162,258.4747475,261.7828283,265.0959596,268.4090909,271.7222222,275.0353535,277.0353535,279.0353535,281.0353535,283.0353535,285.0353535,287.0353535,289.0353535,291.0353535,293.0353535,295.0353535,297.8838384,300.7373737,303.5909091,306.4444444,309.2979798,312.1515152,315.0050505,317.8585859,320.7121212,323.5656566,323.3383838,321.6161616,320.7323232,321.6919192,322.3636364,326.0252525,330.2020202
Stephens,121.5810056,122.4134078,123.2458101,124.0837989,124.9162011,125.7541899,126.5865922,127.4189944,128.2569832,129.0893855,129.9273743,131.1396648,132.3575419,133.575419,134.7932961,136.0111732,137.2234637,138.4413408,139.6592179,140.877095,142.0949721,142.4860335,142.877095,143.2681564,143.6592179,144.0502793,144.4413408,144.8324022,145.2234637,145.6145251,146.0111732,143.9888268,143.7709497,142.9217877,142.1284916,142.3743017,143.7094972,144.6368715
Stewart,12.8453159,12.79084967,12.73856209,12.68627451,12.63398693,12.58169935,12.52723312,12.47494553,12.42265795,12.37037037,12.31808279,12.22875817,12.1416122,12.05446623,11.96732026,11.88017429,11.79084967,11.7037037,11.61655773,11.52941176,11.4422658,11.62527233,11.81045752,11.99346405,12.17864924,12.36383442,12.54684096,12.73202614,12.91503268,13.10021786,13.28540305,13.22875817,13.33115468,12.11764706,12.78867102,12.78213508,12.79956427,13.03921569
Sumter,60.53608247,60.71340206,60.89278351,61.07216495,61.25154639,61.43092784,61.60824742,61.78762887,61.96701031,62.14639175,62.3257732,62.93814433,63.55051546,64.1628866,64.77525773,65.38969072,66.00206186,66.61443299,67.22680412,67.83917526,68.45360825,68.34639175,68.24123711,68.13402062,68.02886598,67.92371134,67.81649485,67.71134021,67.60412371,67.49896907,67.39381443,66.14845361,65.15670103,64.64742268,64.29896907,63.29072165,62.58762887,61.54020619
Talbot,16.63104326,16.6259542,16.62340967,16.62086514,16.61832061,16.61577608,16.61068702,16.60814249,16.60559796,16.60305344,16.60050891,16.59287532,16.58524173,16.58015267,16.57251908,16.56743003,16.55979644,16.55216285,16.54707379,16.5394402,16.53435115,16.62340967,16.71501272,16.80407125,16.8956743,16.98473282,17.07633588,17.1653944,17.25699746,17.34605598,17.43765903,17.36132316,16.82951654,16.61323155,16.56234097,16.47328244,16.1653944,15.90076336
Taliaferro,10.42051282,10.35897436,10.2974359,10.23589744,10.17948718,10.11794872,10.05641026,10,9.938461538,9.876923077,9.820512821,9.902564103,9.984615385,10.06666667,10.14871795,10.23589744,10.31794872,10.4,10.48205128,10.56410256,10.65128205,10.45641026,10.26666667,10.07179487,9.882051282,9.692307692,9.497435897,9.307692308,9.112820513,8.923076923,8.733333333,8.748717949,8.58974359,8.661538462,8.692307692,8.435897436,8.338461538,8.348717949
Tattnall,37.46694215,37.38016529,37.29545455,37.2107438,37.12603306,37.04132231,36.95454545,36.86983471,36.78512397,36.70041322,36.61570248,37.56198347,38.50826446,39.45454545,40.40289256,41.34917355,42.29545455,43.24380165,44.19008264,45.13636364,46.08471074,46.73966942,47.39669421,48.05165289,48.70867769,49.36570248,50.02066116,50.67768595,51.33264463,51.98966942,52.64669421,52.5785124,52.64049587,53.01446281,52.38016529,52.44421488,52.23347107,52.34297521
Taylor,20.9047619,20.83597884,20.76719577,20.6984127,20.62962963,20.56084656,20.49206349,20.42328042,20.35449735,20.28571429,20.21693122,20.52645503,20.83597884,21.14550265,21.45767196,21.76719577,22.07671958,22.38888889,22.6984127,23.00793651,23.32010582,23.30952381,23.2989418,23.28835979,23.27777778,23.26719577,23.25661376,23.24603175,23.23544974,23.22486772,23.21428571,22.31481481,22.11111111,22.16137566,22.15343915,21.8042328,21.69047619,21.53968254
Telfair,25.95238095,25.85034014,25.75056689,25.64852608,25.54875283,25.44671202,25.34693878,25.24489796,25.14512472,25.0430839,24.94331066,25.12244898,25.3015873,25.4829932,25.66213152,25.84353741,26.02267574,26.20181406,26.38321995,26.56235828,26.74376417,27.81632653,28.89115646,29.96371882,31.03854875,32.11337868,33.18594104,34.26077098,35.33333333,36.40816327,37.4829932,36.88435374,37.18367347,37.79138322,37.4399093,37.39909297,36.35827664,36.25623583
Terrell,35.76488095,35.35714286,34.95238095,34.54464286,34.13988095,33.73511905,33.32738095,32.92261905,32.51488095,32.11011905,31.70535714,31.79761905,31.89285714,31.98809524,32.08035714,32.17559524,32.27083333,32.36309524,32.45833333,32.55357143,32.64880952,32.2172619,31.78869048,31.35714286,30.92857143,30.49702381,30.06845238,29.63690476,29.20833333,28.77678571,28.34821429,27.94940476,27.46130952,27.28869048,27.03571429,26.83928571,26.45238095,25.97916667
Thomas,69.52189781,69.68248175,69.84489051,70.00729927,70.16970803,70.33211679,70.49270073,70.65510949,70.81751825,70.97992701,71.14233577,71.82664234,72.51094891,73.19525547,73.87956204,74.56386861,75.24817518,75.93248175,76.61678832,77.30109489,77.98722628,78.3540146,78.72080292,79.08759124,79.45437956,79.82116788,80.1879562,80.55474453,80.92153285,81.28832117,81.65693431,81.39233577,81.31386861,81.78284672,81.95072993,82.02554745,82.2810219,81.71350365
Tift,124.0075472,124.8113208,125.6188679,126.4226415,127.2301887,128.0377358,128.8415094,129.6490566,130.4528302,131.2603774,132.0679245,133.3509434,134.6377358,135.9245283,137.2113208,138.4981132,139.7849057,141.0716981,142.3584906,143.645283,144.9320755,145.6264151,146.3245283,147.0226415,147.7207547,148.4188679,149.1169811,149.8150943,150.5132075,151.2113208,151.909434,155.4679245,154.7396226,151.8603774,152.9660377,153.3056604,153.3962264,153.2
Toombs,61.55858311,61.96185286,62.36512262,62.76839237,63.17166213,63.57493188,63.97820163,64.38147139,64.78474114,65.1880109,65.59128065,66.13351499,66.67847411,67.22070845,67.76566757,68.30790191,68.85286104,69.39509537,69.9400545,70.48228883,71.02724796,71.34877384,71.67302452,71.9972752,72.31880109,72.64305177,72.96730245,73.28882834,73.61307902,73.9373297,74.26158038,74.15531335,74.09809264,74.14986376,74.05449591,74.15531335,74.10081744,73.56675749
Towns,33.96385542,34.63253012,35.30722892,35.97590361,36.65060241,37.3253012,37.9939759,38.6686747,39.3373494,40.01204819,40.68674699,42.22891566,43.77710843,45.31927711,46.86746988,48.40963855,49.95783133,51.5,53.04819277,54.59036145,56.13855422,56.86746988,57.59638554,58.3253012,59.05421687,59.78313253,60.51204819,61.24096386,61.96987952,62.69879518,63.43373494,63.72289157,63.61445783,64.97590361,66.74698795,67.12650602,68.36746988,69.31325301
Treutlen,30.28358209,30.23383085,30.18905473,30.14427861,30.09452736,30.04975124,30.00497512,29.95522388,29.91044776,29.86567164,29.82089552,30.24875622,30.67661692,31.10447761,31.53233831,31.960199,32.3880597,32.8159204,33.24378109,33.67164179,34.09950249,34.11442786,34.13432836,34.15422886,34.16915423,34.18905473,34.20895522,34.2238806,34.24378109,34.26368159,34.28358209,33.94527363,33.78109453,33.25870647,33.87064677,33.82089552,33.46766169,33.53233831
Troup,120.7801932,122.115942,123.4516908,124.7874396,126.1256039,127.4613527,128.7971014,130.1352657,131.4710145,132.8067633,134.1449275,134.9275362,135.7101449,136.4927536,137.2777778,138.0603865,138.8429952,139.6280193,140.410628,141.1932367,141.9782609,143.9758454,145.97343,147.97343,149.9710145,151.9710145,153.968599,155.9661836,157.9661836,159.9637681,161.9637681,163.3743961,164.9855072,166.205314,167.3115942,167.9396135,168.5410628,168.5652174
Turner,33.25174825,32.96853147,32.68531469,32.4020979,32.12237762,31.83916084,31.55594406,31.27622378,30.99300699,30.70979021,30.43006993,30.70979021,30.98951049,31.26923077,31.54895105,31.82867133,32.10839161,32.38811189,32.66783217,32.94755245,33.23076923,33.02097902,32.81118881,32.6013986,32.3951049,32.18531469,31.97552448,31.76923077,31.55944056,31.34965035,31.14335664,31.24825175,29.51398601,28.68531469,28.19230769,27.90559441,27.87412587,27.83566434
Twiggs,25.98333333,26.10833333,26.23333333,26.35833333,26.48333333,26.61111111,26.73611111,26.86111111,26.98611111,27.11111111,27.23888889,27.45555556,27.67222222,27.89166667,28.10833333,28.32777778,28.54444444,28.76111111,28.98055556,29.19722222,29.41666667,28.96388889,28.51388889,28.06388889,27.61388889,27.16388889,26.71111111,26.26111111,25.81111111,25.36111111,24.91111111,24.50277778,23.74444444,23.64722222,23.26666667,23.10277778,22.875,22.70555556
Union,29.07120743,29.87616099,30.68111455,31.48606811,32.29411765,33.09907121,33.90402477,34.7120743,35.51702786,36.32198142,37.13003096,38.76780186,40.40866873,42.04643963,43.6873065,45.32817337,46.96594427,48.60681115,50.24458204,51.88544892,53.52631579,54.78947368,56.05263158,57.31578947,58.57894737,59.84210526,61.10526316,62.36842105,63.63157895,64.89473684,66.16099071,65.79566563,66.0371517,66.32198142,67.36532508,68.14241486,70.15479876,72.62848297
Upson,79.74846626,79.8404908,79.93251534,80.02453988,80.11656442,80.21165644,80.30368098,80.39570552,80.48773006,80.5797546,80.67484663,81.07055215,81.46932515,81.86809816,82.26380368,82.66257669,83.06134969,83.45705521,83.85582822,84.25460123,84.65337423,84.48773006,84.32208589,84.15644172,83.99386503,83.82822086,83.66257669,83.5,83.33435583,83.16871166,83.00613497,82.60122699,81.50920245,81.10429448,80.3006135,80.49079755,80.40797546,80.16871166
Walker,126.6143498,127.0336323,127.4529148,127.8721973,128.2914798,128.7107623,129.1300448,129.5493274,129.9686099,130.3878924,130.8071749,131.4147982,132.0224215,132.6300448,133.2399103,133.8475336,134.455157,135.0650224,135.6726457,136.2802691,136.8901345,138.6457399,140.4035874,142.161435,143.9170404,145.6748879,147.4327354,149.1883408,150.9461883,152.7040359,154.4618834,154.2914798,153.5381166,153.8542601,153.9484305,153.5852018,153.1973094,154.5717489
Walton,94.8662614,97.10638298,99.34954407,101.5896657,103.8328267,106.0729483,108.3161094,110.556231,112.7993921,115.0395137,117.2826748,124,130.7173252,137.4346505,144.1519757,150.8693009,157.5866261,164.3039514,171.0212766,177.7386018,184.4589666,191.5227964,198.5896657,205.6534954,212.7203647,219.787234,226.8510638,233.9179331,240.9817629,248.0486322,255.1155015,257.0972644,258.2613982,261.4893617,266.0759878,268.6717325,273.2857143,278.4194529
Ware,41.17386489,40.98449612,40.79512735,40.60575858,40.41638981,40.22702104,40.03765227,39.8482835,39.65891473,39.46954596,39.28128461,39.28239203,39.28349945,39.28460687,39.28571429,39.28792913,39.28903654,39.29014396,39.29125138,39.2923588,39.29457364,39.38648948,39.47951274,39.57253599,39.66555925,39.7585825,39.85049834,39.94352159,40.03654485,40.12956811,40.22259136,40.19490587,39.78737542,39.6290144,39.40420819,39.23255814,39.61904762,39.72425249
Warren,23.01748252,22.83916084,22.66433566,22.48601399,22.31118881,22.13286713,21.95804196,21.77972028,21.6048951,21.42657343,21.25174825,21.33916084,21.43006993,21.52097902,21.61188811,21.7027972,21.79020979,21.88111888,21.97202797,22.06293706,22.15384615,21.95804196,21.76573427,21.56993007,21.37762238,21.18531469,20.98951049,20.7972028,20.6013986,20.40909091,20.21678322,19.84965035,19.39160839,19.30769231,19.1013986,18.80769231,18.81818182,18.54195804
Washington,27.70882353,27.74852941,27.78823529,27.82794118,27.86764706,27.90735294,27.94705882,27.98676471,28.02647059,28.06617647,28.10588235,28.40882353,28.71176471,29.01617647,29.31911765,29.62352941,29.92647059,30.22941176,30.53382353,30.83676471,31.14117647,31.12941176,31.11764706,31.10588235,31.09411765,31.08235294,31.07058824,31.05882353,31.04705882,31.03529412,31.025,30.84264706,30.58382353,30.26029412,30.22794118,30.5,29.91617647,29.87205882
Wayne,32.17054264,32.41860465,32.66821705,32.91627907,33.16589147,33.41550388,33.66356589,33.91317829,34.16124031,34.41085271,34.66046512,35.31162791,35.96434109,36.61705426,37.26976744,37.92248062,38.5751938,39.22790698,39.88062016,40.53333333,41.18604651,41.73023256,42.2744186,42.81860465,43.3627907,43.90697674,44.45116279,44.99534884,45.53953488,46.08372093,46.62945736,46.97674419,47.02790698,46.52248062,46.37674419,45.64496124,46.48837209,46.22790698
Webster,11.14761905,11.10952381,11.07142857,11.03333333,10.9952381,10.96190476,10.92380952,10.88571429,10.84761905,10.80952381,10.77619048,10.83333333,10.8952381,10.95714286,11.01428571,11.07619048,11.13809524,11.1952381,11.25714286,11.31904762,11.38095238,11.56666667,11.75238095,11.93809524,12.12857143,12.31428571,12.5,12.69047619,12.87619048,13.06190476,13.25238095,13.16666667,13.17619048,12.71904762,12.44285714,12.53333333,12.43809524,12.4047619
Wheeler,17.29865772,17.2114094,17.12751678,17.04362416,16.95973154,16.87583893,16.7885906,16.70469799,16.62080537,16.53691275,16.45302013,16.87919463,17.30872483,17.73489933,18.16442953,18.59395973,19.02013423,19.44966443,19.87583893,20.30536913,20.73489933,21.26510067,21.79530201,22.32550336,22.8557047,23.38590604,23.91610738,24.44630872,24.97651007,25.50671141,26.03691275,27.0738255,26.57718121,26.58724832,26.74496644,26.5033557,26.90268456,26.68456376
White,41.81818182,43.00826446,44.20247934,45.39256198,46.58677686,47.78099174,48.97107438,50.16528926,51.3553719,52.54958678,53.74380165,56.60743802,59.47520661,62.34297521,65.2107438,68.0785124,70.94214876,73.80991736,76.67768595,79.54545455,82.41322314,85.41322314,88.41322314,91.41322314,94.41322314,97.41322314,100.4132231,103.4132231,106.4132231,109.4132231,112.4173554,113.2520661,114.1859504,115.0247934,115.8471074,117.3429752,119.1115702,121.7066116
Whitfield,226.8586207,229.1586207,231.4586207,233.7586207,236.062069,238.362069,240.662069,242.9655172,245.2655172,247.5655172,249.8689655,253.6827586,257.4965517,261.3103448,265.1275862,268.9413793,272.7551724,276.5724138,280.3862069,284.2,288.0172414,294.6517241,301.2896552,307.9275862,314.562069,321.2,327.837931,334.4724138,341.1103448,347.7482759,354.3862069,355.3655172,355.7172414,355.1103448,356.7206897,358.7206897,361.0275862,360.8896552
Wilcox,20.21578947,20.03684211,19.86052632,19.68157895,19.50526316,19.32894737,19.15,18.97368421,18.79473684,18.61842105,18.44210526,18.85263158,19.26578947,19.67894737,20.09210526,20.50526316,20.91842105,21.33157895,21.74473684,22.15789474,22.57105263,22.74473684,22.91842105,23.09210526,23.26842105,23.44210526,23.61578947,23.79210526,23.96578947,24.13947368,24.31578947,24.23421053,23.77368421,23.73947368,23.40526316,23.41842105,23.33421053,23.15789474
Wilkes,23.25053079,23.17409766,23.09978769,23.02335456,22.94904459,22.87473461,22.79830149,22.72399151,22.64755839,22.57324841,22.49893843,22.51804671,22.53715499,22.55626327,22.57537155,22.59447983,22.61358811,22.63269639,22.65180467,22.67091295,22.69002123,22.65180467,22.61358811,22.57537155,22.53715499,22.49893843,22.46072187,22.42250531,22.38428875,22.34607219,22.30997877,21.71974522,21.42462845,21.08280255,21.15711253,21.05732484,20.85350318,21.00212314
Wilkinson,23.19463087,23.16331096,23.13199105,23.10067114,23.06935123,23.03803132,23.00671141,22.9753915,22.94407159,22.91275168,22.88143177,22.87919463,22.87695749,22.87472036,22.87248322,22.87248322,22.87024609,22.86800895,22.86577181,22.86353468,22.86353468,22.70693512,22.55033557,22.39373602,22.23713647,22.08277405,21.9261745,21.76957494,21.61297539,21.45637584,21.30201342,21.05145414,21.20805369,20.94407159,20.76733781,20.31767338,20.24161074,20.04250559
Worth,31.69122807,31.98596491,32.28070175,32.5754386,32.87017544,33.16491228,33.45964912,33.75438596,34.04912281,34.34385965,34.64035088,35.02982456,35.41929825,35.80877193,36.19824561,36.58947368,36.97894737,37.36842105,37.75789474,38.14736842,38.53859649,38.49122807,38.44561404,38.39824561,38.35263158,38.30701754,38.25964912,38.21403509,38.16666667,38.12105263,38.0754386,37.76315789,37.48245614,36.96491228,36.88070175,36.31754386,36.34912281,36.02280702
